{
	"emp": [{
					"empid": "111111",
					"empname": "John Walter",
					"exp": "12",
					"age": "40",
					"city": "Tokyo",
					"country": "Japan",
					"designation": "Delivery Manager",
					"cadre": "Band 5",
					"projectid": "PGIMPL",
						"projectname": "P &amp; G SAP Implementation"

				}, {
					"empid": "222222",
					"empname": "Rashid Khan",
					"exp": "3",
					"age": "24",
					"city": "Tokyo",
					"country": "Japan",
					"cadre": "Band 1",
					"designation": "Software Engineer",
				
						"projectid": "AIRBNB",
						"projectname": "AIRBNB Implementation"
		
				}, {
					"empid": "333333",
					"empname": "Supriya Singh",
					"exp": "5",
					"age": "34",
					"city": "Tokyo",
					"country": "Japan",
					"cadre": "Band 3",
					"designation": "Sr. Software Engineer",
				
						"projectid": "INDIAGOV",
						"projectname": "INDIA GOV SAP Implementation"
				
				}]
}